M,1,2,3,4,5,6,7,8,9,10,11,12,13,14,15,16,17,18,19,20,21,22,23,24,25,26,27,28,29,30,31,32,33,34,35,36,37,38,39,40,41,42,43,44,45,46,47,48,49,50,51,52,53,54,55,56,57,58,59,60,61,62,63,64,65,66,67,68,69,70,71,72,73,74,75,76,77,78,79,80,81,82,83
1,,e,_,c,a,n,_,f,a,c,,o,,_,,,,,,,m,,,,,,,,,,,,,,,,,,,,,,,,,,,,,,,,,,,,,,,,,,,,,,,,,,,,,,,,,,,,,,
2,E,u,l,e,r,_,w,o,u,l,,_,,r,,,,,,,_,,,,,,,,,,,,,,,,,,,,,,,,,,,,,,,,,,,,,,,,,,,,,,,,,,,,,,,,,,,,,,
3,,h,e,_,n,i,c,,_,t,,i,,g,,,,,,,_,,,,,,,,,,,,,,,,,,,,,,,,,,,,,,,,,,,,,,,,,,,,,,,,,,,,,,,,,,,,,,
4,,h,e,_,c,i,p,,e,r,,e,,t,,,,,,,c,,,,,,,,,,,,,,,,,,,,,,,,,,,,,,,,,,,,,,,,,,,,,,,,,,,,,,,,,,,,,,
5,,o,u,_,d,o,n,,t,_,,a,,t,,,,,,,y,,,,,,,,,,,,,,,,,,,,,,,,,,,,,,,,,,,,,,,,,,,,,,,,,,,,,,,,,,,,,,
6,,h,e,r,e,_,a,,e,_,,w,,_,,,,,,,o,,,,,,,,,,,,,,,,,,,,,,,,,,,,,,,,,,,,,,,,,,,,,,,,,,,,,,,,,,,,,,
7,,h,e,r,e,_,a,,e,_,,w,,_,,,,,,,o,,,,,,,,,,,,,,,,,,,,,,,,,,,,,,,,,,,,,,,,,,,,,,,,,,,,,,,,,,,,,,
8,,e,_,c,a,n,_,,e,e,,t,,e,,,,,,,_,,,,,,,,,,,,,,,,,,,,,,,,,,,,,,,,,,,,,,,,,,,,,,,,,,,,,,,,,,,,,,
9,,_,(,p,r,i,v,,t,e,,k,,y,,,,,,,r,,,,,,,,,,,,,,,,,,,,,,,,,,,,,,,,,,,,,,,,,,,,,,,,,,,,,,,,,,,,,,
10,,T,h,e,_,C,o,,c,i,,e,,O,,,,,,,i,,,,,,,,,,,,,,,,,,,,,,,,,,,,,,,,,,,,,,,,,,,,,,,,,,,,,,,,,,,,,,
11,T,h,e,_,s,e,c,r,e,t,_,m,e,s,s,a,g,e,_,i,s,:,_,W,h,e,n,_,u,s,i,n,g,_,a,_,s,t,r,e,a,m ,_,c,i,p,h,e,r,",",_,n,e,v,e,r,_,u,s,e,_,t,h,e,_,k,e,y,_,m,o,r,e,_,t,h,a,n,_,o,n,c,e